name,website,stage,focus_areas,location,check_size
A-Level Capital,https://www.alevelcapital.com,Pre-Seed Seed,"Consumer Enterprise",Los Angeles CA,$250K-$1M
Aberrant Capital,https://www.aberrantcapital.com,Seed Series A,"Fintech Crypto",Miami FL,$500K-$2M
Acacia Research Ventures,https://www.acaciaresearch.com,Growth,"IP Technology",Newport Beach CA,
Accelerate NY Seed Fund,https://www.accelerateny.com,Pre-Seed Seed,"Technology",New York NY,$100K-$500K
Accuity Brands Ventures,https://www.acuitybrands.com/ventures,Growth,"Industrial IoT",Atlanta GA,
Actera Group,https://www.acteragroup.com,Growth,"Enterprise Technology",Istanbul Turkey,
Activant Capital,https://www.activantcapital.com,Series A Series B,"Commerce B2B",New York NY,$5M-$25M
Adaptive Biotechnologies,https://investors.adaptivebiotech.com,Late Growth,"Biotech Life Sciences",Seattle WA,
Advantage Capital Holdings,https://www.advantagecap.com,Seed Series A,"Sector Agnostic",New Orleans LA,$250K-$2M
AeroCentury Ventures,https://www.aerocentury.com,Growth,"Aviation Logistics",Burlington CA,
Aglaé Ventures,https://aglaeve.com,Seed Series A,"Consumer Technology",Paris France,$1M-$5M
Ahren Innovation Capital,https://www.ahren.vc,Series A,"Deep Tech AI",London UK,$2M-$10M
Airy Ventures,https://www.airyventures.com,Pre-Seed Seed,"Sector Agnostic",Berlin Germany,$100K-$500K
Ajax Financial Investments,https://www.ajaxfin.com,Growth,"Fintech Financial Services",Greenwich CT,
Akira Tech,https://www.akiratech.vc,Seed,"Cybersecurity Enterprise",Tel Aviv Israel,$500K-$2M
Alan Howard Ventures,https://www.ah.vc,Series A Series B,"Fintech Crypto",London UK,$5M-$20M
Alcazar Capital,https://www.alcazarcap.com,Series A,"MENA Technology",Abu Dhabi UAE,$2M-$15M
Alderman Capital,https://www.aldermancapital.com,Seed Series A,"Fintech Consumer",New York NY,$500K-$3M
Aleo Technology Fund,https://www.aleo.org,Seed,"Privacy Technology Web3",San Francisco CA,$1M-$5M
Alethea Capital,https://www.alethea.capital,Seed Series A,"Web3 AI",San Francisco CA,$500K-$3M
Alex & Ani Ventures,https://www.alexandani.com/ventures,Seed,"Consumer Retail",New York NY,
Alidade Capital,https://www.alidade.vc,Seed Series A,"Defense Aerospace",Washington DC,$1M-$5M
Aligned Climate Capital,https://alignedclimatecapital.com,Series A Series B,"Climate Infrastructure",New York NY,$5M-$30M
Aliya Capital Partners,https://www.aliyacapital.com,Series A Series B,"Healthcare Life Sciences",Princeton NJ,$3M-$15M
AlleyCorp,https://www.alleycorp.com,Pre-Seed Seed,"Internet Consumer",New York NY,$500K-$2M
Alliance of Angels,https://www.allianceofangels.com,Pre-Seed Seed,"Technology",Seattle WA,$100K-$1M
AllRaise Ventures,https://www.allraise.org,Pre-Seed Seed,"Diversity Technology",San Francisco CA,$100K-$500K
Almanac Insights,https://almanacinsights.com,Seed Series A,"Enterprise AI SaaS",San Francisco CA,$500K-$3M
Altaris Capital Partners,https://www.altariscapital.com,Growth,"Healthcare",New York NY,
Altitude Life Science Ventures,https://altitudelifescience.com,Seed Series A,"Life Sciences Biotech",Salt Lake City UT,$1M-$5M
Altpoint Capital,https://www.altpointcapital.com,Series A Series B,"Technology",New York NY,$5M-$25M
Altus Capital Partners,https://www.altuscapitalpartners.com,Growth,"Manufacturing Industrial",Bloomfield Hills MI,
Alven,https://www.alven.co,Seed Series A,"Technology Consumer",Paris France,$1M-$5M
Alyssa Ravasio Angel Fund,https://www.alyssa.vc,Pre-Seed,"Outdoor Recreation Consumer",San Francisco CA,$25K-$250K
Amazon Industrial Innovation Fund,https://www.aboutamazon.com/iif,Series A Series B,"Industrial Robotics Logistics",Seattle WA,$10M-$50M
Amber Grant,https://ambergrant.net,Pre-Seed,"Women Founders",Los Angeles CA,$10K-$25K
Ambition Ventures,https://www.ambitionventures.com,Seed Series A,"SaaS Enterprise",Austin TX,$500K-$2M
Amble Studio,https://www.amblestudio.com,Pre-Seed Seed,"Games Consumer",Los Angeles CA,$250K-$1M
Ampere Ventures,https://www.ampere.vc,Seed Series A,"Climate Energy",Chicago IL,$500K-$3M
Ample Fund,https://www.amplefund.com,Seed,"EdTech Future of Work",New York NY,$250K-$1M
Amplify Capital,https://www.amplifycapital.com,Seed Series A,"B2B SaaS",Chicago IL,$500K-$3M
Analogica Capital,https://www.analogica.vc,Pre-Seed Seed,"Deep Tech Hardware",Boston MA,$250K-$1.5M
Anchor Capital Advisors,https://www.anchorcap.com,Growth,"Financial Services",Boston MA,
Andela Ventures,https://www.andela.com/ventures,Seed,"Africa Technology",New York NY,$500K-$2M
AndreessenHorowitz Bio Fund,https://a16z.com/bio,Seed Series A Series B,"Biotech Life Sciences",Menlo Park CA,
AngelList Venture,https://venture.angellist.com,Pre-Seed Seed,"Technology Sector Agnostic",San Francisco CA,$100K-$1M
Ankona Capital,https://www.ankonacapital.com,Series A,"Enterprise SaaS",Chicago IL,$2M-$10M
Annandale Capital,https://www.annandalevc.com,Pre-Seed Seed,"Climate Energy",Washington DC,$250K-$2M
Anthology Asia,https://www.anthologyasia.com,Seed Series A,"Southeast Asia Technology",Singapore,$1M-$5M
Anthracite Capital,https://www.anthracite.com,Growth,"Real Estate Finance",New York NY,
Antidote Partners,https://www.antidote.partners,Seed Series A,"Healthcare Mental Health",Boston MA,$500K-$3M
Anvo Capital,https://www.anvo.capital,Seed,"Nordic Technology",Stockholm Sweden,$500K-$2M
Aperture Venture Capital,https://aperturevo.com,Seed Series A,"Climate Energy",New York NY,$500K-$3M
Apex Capital,https://www.apexventures.com,Seed Series A,"Technology SaaS",Minneapolis MN,$500K-$3M
Apollo Ventures,https://apollo.vc,Seed,"Longevity Biotech",New York NY,$500K-$3M
Appian Ventures,https://www.appianventures.com,Seed Series A,"Government Technology",Washington DC,$1M-$5M
Apple Tree Partners,https://www.appletreepartners.com,Seed Series A Series B,"Life Sciences Biotech",New York NY,$5M-$30M
AppWorks,https://appworks.tw,Seed Series A,"Southeast Asia Taiwan Technology",Taipei Taiwan,$500K-$2M
Arc Ventures,https://www.arcvc.com,Pre-Seed Seed,"Deep Tech Science",San Francisco CA,$500K-$2M
Arctern Ventures,https://www.arcternventures.com,Seed Series A,"Climate Cleantech",Vancouver Canada,$1M-$5M
Arctos Capital,https://www.arctos.vc,Seed Series A,"Sports Media Entertainment",Dallas TX,$500K-$3M
Ardine Williams Ventures,https://www.aw-vc.com,Pre-Seed,"Diversity Enterprise",Seattle WA,$100K-$500K
Armory Square Ventures,https://www.armorysquare.com,Seed Series A,"Enterprise Technology",Syracuse NY,$250K-$2M
Arsenal Capital Partners,https://www.arsenalcapital.com,Growth,"Healthcare Specialty Industrials",New York NY,
Artha Venture Fund,https://www.arthavf.com,Seed Series A,"India Enterprise SaaS",Mumbai India,$500K-$2M
Artesian Venture Partners,https://www.artesianvc.com,Seed Series A,"Australia Technology",Sydney Australia,$500K-$3M
Artis Ventures,https://www.artisventures.com,Seed Series A,"Healthcare Technology",San Francisco CA,$500K-$3M
Arweave Ventures,https://www.arweave.org,Seed,"Web3 Decentralized Storage",London UK,$500K-$3M
Asymmetric Capital Partners,https://www.asymmetric.capital,Seed Series A,"Fintech Crypto",New York NY,$1M-$5M
Ateneo Innovation Capital,https://aiconline.ph,Seed,"Philippines Technology",Manila Philippines,$100K-$500K
Athena Capital Advisors,https://www.athenacapital.com,Growth,"Healthcare Life Sciences",Lincoln MA,
Athenian Capital,https://www.athenian.vc,Pre-Seed Seed,"Software B2B",Atlanta GA,$250K-$1M
Atmos Ventures,https://www.atmos.vc,Seed Series A,"Climate Agriculture",Berlin Germany,$500K-$3M
Atreides Management,https://www.atreidesmanagement.com,Growth Late,"Technology",Boston MA,
Attain Capital,https://www.attaincap.com,Seed Series A,"Healthcare Digital Health",New York NY,$1M-$5M
Attitude Ventures,https://attitudevc.com,Pre-Seed Seed,"Future of Work HR Tech",Montreal Canada,$250K-$1M
Audacious Ventures,https://www.audacious.vc,Seed,"Deep Tech Science",San Francisco CA,$500K-$2M
Augmentum Fintech,https://www.augmentum.vc,Seed Series A,"Fintech",London UK,$2M-$10M
Austerfield Capital,https://www.austerfieldcapital.com,Seed Series A,"Agriculture Food Technology",Minneapolis MN,$500K-$2M
Avanta Ventures,https://www.avanta.vc,Seed Series A,"Insurance Technology",San Francisco CA,$500K-$3M
Aventus Capital,https://www.aventuscapital.com,Seed Series A,"Africa Fintech",Lagos Nigeria,$500K-$2M
Avesta Fund,https://www.avesta.fund,Pre-Seed Seed,"Nordic SaaS",Helsinki Finland,$250K-$1.5M
Avimesa Ventures,https://www.avimesa.com,Seed,"IoT Industrial",Redwood City CA,$250K-$1M
Avolution Capital,https://www.avolutioncapital.com,Seed Series A,"Supply Chain Logistics",Chicago IL,$500K-$3M
Avy Ventures,https://www.avyventures.com,Seed,"Mobility Transportation",Munich Germany,$500K-$2M
Aware Ventures,https://www.awareventures.com,Seed,"Mental Health Wellbeing",London UK,$250K-$1M
Axon Ventures,https://www.axonventures.vc,Seed Series A,"Neuroscience Digital Health",San Francisco CA,$500K-$3M
Azimuth Capital,https://www.azimuthcapital.com,Series A Series B,"Healthcare Life Sciences",San Francisco CA,$3M-$20M
B Capital Group,https://www.bcapgroup.com,Series A Series B Growth,"Enterprise Technology",Los Angeles CA,$10M-$50M
B37 Ventures,https://www.b37.vc,Pre-Seed Seed,"Technology B2B",Berlin Germany,$250K-$1.5M
Backbone Angels,https://backboneangels.com,Pre-Seed,"Diversity Founders",San Francisco CA,$25K-$150K
Bain Capital Ventures,https://www.baincapitalventures.com,Seed Series A Series B Growth,"Enterprise SaaS Fintech",Boston MA,$3M-$30M
Baird Capital,https://www.bairdcapital.com,Series A Series B,"Healthcare Technology",Chicago IL,$5M-$20M
Balance Ventures,https://balanceventures.io,Seed,"Israel Technology",Tel Aviv Israel,$500K-$3M
Ballistic Ventures,https://www.ballisticventures.com,Seed Series A,"Cybersecurity",San Francisco CA,$1M-$5M
Balsam Street Ventures,https://www.balsamstreet.com,Seed,"Midwest Technology",Indianapolis IN,$250K-$1M
Bam Elevate,https://www.bamelevate.com,Pre-Seed Seed,"Diversity Technology",New York NY,$250K-$1M
Bam Ventures,https://www.bamventures.com,Seed Series A,"Consumer Media",Los Angeles CA,$500K-$3M
Base Case Capital,https://basecasecapital.com,Seed,"Fintech Financial Services",New York NY,$500K-$2M
Base10 Partners,https://base10.vc,Seed Series A,"Automation Future of Work",San Francisco CA,$1M-$5M
Base Ventures,https://www.basevc.com,Pre-Seed Seed,"Diversity Technology",Oakland CA,$250K-$1M
Basis Set Ventures,https://www.basisset.com,Seed Series A,"AI Enterprise Automation",San Francisco CA,$500K-$3M
Battery Road Digital Holdings,https://www.batteryroad.com,Series A Series B,"Fintech Financial Services",New York NY,$5M-$25M
Bay McLaughlin,https://baymclaughlin.com,Seed,"Asia Technology",Hong Kong China,$500K-$3M
BDC Venture Capital,https://www.bdc.ca/venture-capital,Seed Series A,"Canada Technology",Montreal Canada,$500K-$5M
Beacon Capital Partners,https://www.beaconcapital.com,Growth,"Real Estate",Boston MA,
Beachhead Ventures,https://www.beachheadventures.com,Pre-Seed Seed,"Israel Technology",Tel Aviv Israel,$500K-$2M
Bedrock Capital,https://www.bedrockcap.com,Seed Series A,"Consumer Technology Media",San Francisco CA,$1M-$5M
Bee Partners,https://www.beepartners.vc,Seed,"Hardware Deep Tech",San Francisco CA,$500K-$2M
Bejo Ventures,https://www.bejo.vc,Pre-Seed Seed,"Nordic Technology",Copenhagen Denmark,$250K-$1M
Bellhaven Capital,https://www.bellhavencap.com,Seed Series A,"Consumer Lifestyle",New York NY,$500K-$2M
Bellus Health,https://www.bellushealth.com,Series A,"Healthcare Biotech",Montreal Canada,
Below the Radar,https://www.belowtheradar.vc,Pre-Seed Seed,"Underrepresented Founders",Austin TX,$100K-$500K
Bening Ventures,https://www.beningventures.com,Seed,"East Africa Technology",Nairobi Kenya,$250K-$1M
Berkeley SkyDeck Fund,https://www.skydeck.berkeley.edu,Pre-Seed Seed,"University Spinout",Berkeley CA,$100K-$500K
Big Pixel Ventures,https://www.bigpixelventures.com,Seed Series A,"Digital Media Gaming",Los Angeles CA,$500K-$2M
BigBeta Ventures,https://www.bigbeta.vc,Seed,"Enterprise Technology",Hamburg Germany,$250K-$1.5M
Biobased Ventures,https://www.biobasedventures.com,Seed Series A,"Biotech Materials Climate",New York NY,$1M-$5M
Birch Ventures,https://birchvc.com,Pre-Seed Seed,"Midwest Technology",Chicago IL,$250K-$1M
Blackbird Ventures,https://www.blackbird.vc,Seed Series A,"Australia New Zealand Technology",Melbourne Australia,$500K-$5M
Blaze Capital,https://blazecap.co,Pre-Seed Seed,"Technology B2B",London UK,$250K-$1M
Blended Capital,https://blendedcapital.com,Seed Series A,"Impact Emerging Markets",Washington DC,$500K-$3M
Bleu Ventures,https://bleuventures.com,Pre-Seed Seed,"Francophone Africa Technology",Abidjan Ivory Coast,$100K-$500K
Blisce,https://www.blisce.com,Series A Series B,"Consumer Technology",New York NY Paris France,$3M-$15M
Blue Collective,https://www.bluecollective.vc,Seed Series A,"Ocean Marine Environment",San Diego CA,$500K-$2M
Blue Future Partners,https://www.bluefuturepartners.com,Fund of Funds,"Emerging Managers",Stockholm Sweden,
Blue Horizon Ventures,https://www.bluehorizon.com,Series A,"Food Climate Alt Protein",Zurich Switzerland,$3M-$15M
Blue Lake Capital,https://www.bluelakecapital.com,Seed,"Education Technology",New York NY,$250K-$1M
Blue Yard Capital,https://www.blueyard.com,Seed Series A,"Decentralization Web3 AI",Berlin Germany,$500K-$3M
BlueCross BlueShield Venture Partners,https://bcbsventures.com,Series A,"Healthcare Digital Health",Chicago IL,$2M-$10M
Bluestein Ventures,https://www.bluesteinventures.com,Seed Series A,"Midwest Technology",Chicago IL,$500K-$2M
Boathouse Capital,https://www.boathousecapital.com,Series A Growth,"Business Services SaaS",Philadelphia PA,$5M-$25M
Bolster Ventures,https://www.bolster.com/ventures,Seed,"Future of Work Talent",New York NY,$500K-$2M
Boom Capital,https://www.boomcapital.vc,Pre-Seed Seed,"Diversity Black Founders",New York NY,$250K-$1M
Bootstrappers Ventures,https://www.bootstrappers.vc,Pre-Seed,"Bootstrapped Founder-led",Chicago IL,$50K-$250K
Boston Seed Capital,https://www.bostonseed.com,Seed Series A,"Enterprise Technology",Boston MA,$500K-$3M
Boudinot Capital,https://www.boudinot.vc,Pre-Seed Seed,"Healthcare Biotech",Cambridge MA,$250K-$1.5M
Brand Foundry Ventures,https://www.brandfoundry.co,Seed,"Consumer Brand Retail",New York NY,$500K-$2M
Bre Capital,https://www.brecapital.com,Seed Series A,"Real Estate PropTech",New York NY,$500K-$2M
Brewer Lane Ventures,https://www.brewerlane.com,Seed,"Fintech Financial Services",New York NY,$500K-$2M
BrightPath Ventures,https://brightpathvc.com,Seed Series A,"Southeast Technology",Atlanta GA,$500K-$3M
Brilliant Ventures,https://www.brilliantventures.com,Seed,"EdTech Learning",San Francisco CA,$250K-$1M
Broadhaven Capital Partners,https://www.broadhaven.com,Series A Growth,"Fintech Financial Services",New York NY,$5M-$25M
Broadscale Group,https://www.broadscale.com,Series A Series B,"Climate Energy Mobility",New York NY,$5M-$25M
Bullfrog AI,https://www.bullfrogai.com,Seed Series A,"AI Healthcare",Baltimore MD,$500K-$3M
Bullpen Capital,https://www.bullpencap.com,Seed Series A,"Marketplace B2B Consumer",San Francisco CA,$1M-$5M
C2 Ventures,https://www.c2ventures.com,Seed Series A,"Cybersecurity Defense",Washington DC,$1M-$5M
Calfee Venture Fund,https://www.calfeefund.com,Pre-Seed Seed,"Midwest SaaS",Cleveland OH,$250K-$1M
Calibrate Ventures,https://www.calibratevc.com,Seed Series A,"B2B SaaS Enterprise",Seattle WA,$500K-$3M
Calvert Impact Capital,https://www.calvertimpact.org,Series A,"Impact Social",Bethesda MD,$5M-$25M
Cameron Ventures,https://www.cameronventures.com,Seed Series A,"Consumer Lifestyle",New York NY,$500K-$2M
Cantos Ventures,https://www.cantos.com,Seed,"Deep Tech Hardware",San Francisco CA,$500K-$2M
Capital Factory,https://capitalfactory.com,Pre-Seed Seed,"Texas Technology",Austin TX,$100K-$500K
Capital Group Private Markets,https://www.capitalgroup.com,Growth Late,"Technology",Los Angeles CA,
Capitol Technology Partners,https://www.captech.com,Series A,"Government Technology",Washington DC,$2M-$10M
Cardinal Ventures,https://www.cardinalvc.com,Seed,"Stanford University Spinout",Palo Alto CA,$500K-$2M
Cartography Capital,https://www.cartographycap.com,Seed Series A,"Maps Location Technology",San Francisco CA,$500K-$2M
Catalyst Fund,https://www.thecatalystfund.com,Seed,"Emerging Markets Fintech Impact",Boston MA,$500K-$2M
Causeway Invest,https://www.causewayinvest.com,Seed Series A,"Social Impact Climate",London UK,$500K-$3M
Cedar Pine Partners,https://www.cedarpinepartners.com,Seed,"Pacific Northwest Technology",Portland OR,$250K-$1M
Centana Growth Partners,https://www.centanagp.com,Series A Series B Growth,"Fintech Financial Services",Menlo Park CA,$5M-$30M
Cereal Tech Ventures,https://www.cerealtech.com,Seed,"AgTech Food Technology",San Francisco CA,$500K-$2M
Champion Hill Ventures,https://www.championhillvc.com,Seed Series A,"Midwest Technology Healthcare",Columbus OH,$500K-$2M
Chaotic Moon Capital,https://chaoticmoon.com,Seed,"Gaming Entertainment",Austin TX,$250K-$1M
ChargePoint Ventures,https://www.chargepointventures.com,Seed Series A,"Clean Energy EV Infrastructure",Campbell CA,$1M-$5M
Chasing Rainbows Investments,https://www.chasingrainbows.io,Pre-Seed,"LGBTQ+ Founders",San Francisco CA,$50K-$250K
CheckFree Ventures,https://checkfreeventures.com,Seed Series A,"Fintech Payments",Atlanta GA,$500K-$2M
Chesley Brown Ventures,https://www.chesleybrown.com,Seed Series A,"Security Public Safety",Atlanta GA,$500K-$2M
CHI Ventures,https://www.chiventures.vc,Seed Series A,"Chicago Technology",Chicago IL,$250K-$2M
Chorus Ventures,https://chorusventures.com,Seed,"Music Audio Entertainment",Los Angeles CA,$250K-$1M
Chrome Enterprise Ventures,https://www.googlechrome.com/ventures,Series A,"Enterprise Productivity",Mountain View CA,
Circularity Capital,https://www.circularitycapital.com,Series A Series B,"Circular Economy Climate",Edinburgh UK,$2M-$10M
Citius Capital,https://www.citiuscapital.com,Seed Series A,"India Technology",Bangalore India,$500K-$2M
Citylight Capital,https://www.citylightcap.com,Series A Growth,"Future of Cities Infrastructure",New York NY,$5M-$25M
Civilization Ventures,https://www.civilizationventures.com,Seed,"Frontier Technology Deep Tech",San Francisco CA,$500K-$3M
Claridge Israel,https://www.claridgeisrael.com,Seed Series A,"Israel Technology",Tel Aviv Israel,$1M-$5M
ClimateCheck Capital,https://www.climatecheck.com,Seed,"Climate Real Estate",San Francisco CA,$500K-$2M
ClimaTech Capital,https://www.climatechcapital.com,Series A,"Climate Energy",Munich Germany,$3M-$15M
Clocktower Ventures,https://www.clocktowervc.com,Series A Series B,"Fintech Financial Services",Santa Monica CA,$3M-$15M
Club Deals Ventures,https://www.clubdeals.vc,Seed,"Secondaries Angel",London UK,$100K-$500K
Cobalt Venture Capital,https://www.cobaltvc.com,Seed Series A,"Africa Technology",Cape Town South Africa,$250K-$1.5M
Coefficient Capital,https://www.coefficientcapital.com,Seed Series A,"Consumer Technology Brands",New York NY,$1M-$5M
Cofounders Capital,https://www.cofounders.com,Seed,"Southeast US SaaS",Cary NC,$250K-$1M
Cogito Capital,https://www.cogitocap.com,Pre-Seed Seed,"AI Enterprise",Tel Aviv Israel,$500K-$2M
Cohesive Capital,https://www.cohesivecap.com,Series A Growth,"Healthcare Technology",New York NY,$5M-$25M
Coldwater Creek Ventures,https://coldwatercreekvc.com,Seed Series A,"Rocky Mountain Technology",Denver CO,$250K-$1.5M
Coliseum Capital,https://www.coliseumcap.com,Growth,"Sports Media Entertainment",Greenwich CT,
Collaborative Fund,https://www.collaborativefund.com,Seed Series A,"Consumer Culture",New York NY,$500K-$3M
Color Capital,https://colorcapital.co,Pre-Seed Seed,"Diversity Founders",New York NY,$100K-$500K
Columbia Lake Partners,https://www.columbia-lake.com,Series A Growth,"Venture Debt SaaS",London UK,$2M-$15M
Comeback Capital,https://comebackcap.com,Seed,"Midwest Underserved Communities",Detroit MI,$250K-$1M
Commerce Ventures,https://www.commerceventures.com,Seed Series A,"Fintech Commerce",San Francisco CA,$1M-$5M
Common Ocean,https://www.commonocean.com,Seed Series A,"Blue Economy Ocean",Oslo Norway,$500K-$3M
Commonwealth Fusion Systems,https://cfs.energy,Series A,"Nuclear Fusion Energy",Cambridge MA,
Compassionate Capital,https://www.compassionate.capital,Pre-Seed Seed,"Social Enterprise Impact",San Francisco CA,$100K-$500K
Concord Health Partners,https://concordhealthpartners.com,Series A,"Healthcare Services",Nashville TN,$3M-$15M
Connectivity Capital,https://connectivitycap.com,Seed Series A,"Telecom Connectivity",New York NY,$1M-$5M
Connetic Ventures,https://www.connecticventures.com,Seed,"Heartland Technology",Cincinnati OH,$250K-$1M
Conscience VC,https://www.conscience.vc,Pre-Seed Seed,"Social Impact",San Francisco CA,$100K-$500K
Continental Grain Ventures,https://www.continentalgrain.com,Series A,"Food Agriculture",New York NY,
Contrarian Thinking Capital,https://www.contrarianventures.com,Seed,"Alternative Investments",Austin TX,$500K-$2M
Convective Capital,https://www.convective.vc,Seed Series A,"Climate Technology",San Francisco CA,$1M-$5M
Convoy Ventures,https://www.convoyvc.com,Seed Series A,"Logistics Supply Chain",Seattle WA,$500K-$3M
Copley Equity Partners,https://www.copleyequity.com,Series A Growth,"SaaS Technology",Wellesley MA,$5M-$30M
Copper Street Capital,https://www.copperstreet.com,Seed Series A,"MENA Technology",Dubai UAE,$500K-$3M
Correlation Ventures,https://correlationvc.com,Seed Series A,"Technology Sector Agnostic",San Diego CA,$500K-$5M
Cortado Ventures,https://www.cortadoventures.com,Seed Series A,"Oklahoma Technology",Oklahoma City OK,$250K-$2M
Counterpart Ventures,https://www.counterpart.vc,Seed Series A,"Enterprise Technology",San Francisco CA,$1M-$5M
Courtside Ventures,https://www.courtsidevc.com,Seed Series A,"Sports Technology",New York NY,$500K-$3M
Cowboy Ventures,https://cowboy.vc,Seed Series A,"Consumer Technology",Palo Alto CA,$1M-$5M
Coyne Capital,https://www.coynecap.com,Series A Growth,"Financial Services Insurance",New York NY,
CRV (Charles River Ventures),https://www.crv.com,Seed Series A Series B,"Enterprise AI Consumer",Cambridge MA,$1M-$10M
Cultivation Capital,https://www.cultivationcapital.com,Seed Series A,"Midwest Technology Healthcare",St. Louis MO,$500K-$3M
Cyan Ventures,https://www.cyanventures.com,Pre-Seed Seed,"Climate Energy",London UK,$250K-$1.5M
Cypress Creek Renewables,https://www.ccrenew.com,Series A,"Renewable Energy",Chapel Hill NC,
D1 Capital Partners,https://www.d1capital.com,Growth Late,"Technology",New York NY,
Dace Ventures,https://www.dace.vc,Seed,"Nordic Technology",Oslo Norway,$250K-$1.5M
Daphni,https://www.daphni.com,Seed Series A,"European Technology",Paris France,$1M-$5M
Darwin Ventures,https://www.darwinventures.com,Seed Series A,"Life Sciences Biotech",Los Angeles CA,$500K-$3M
Data Collective (DCVC),https://www.dcvc.com,Seed Series A,"Deep Tech Science AI",Palo Alto CA,$1M-$10M
DataPoint Capital,https://datapointcapital.com,Seed Series A,"Enterprise Data Analytics",Boston MA,$500K-$3M
Dawnbreaker,https://www.dawnbreaker.com,Seed,"SBIR Government Research",Rochester NY,$100K-$500K
Decisive Point (DP) Ventures,https://www.dpventures.vc,Seed Series A,"Defense Security",Washington DC,$500K-$3M
Deep Insight Capital,https://www.deepinsight.vc,Seed,"B2B Enterprise SaaS",London UK,$500K-$2M
Deep Space Ventures,https://www.deepspace.vc,Seed Series A,"Space Technology",Los Angeles CA,$1M-$5M
Deepwater Asset Management,https://www.deepwatermgmt.com,Growth,"Technology",Minneapolis MN,
Delphi Digital,https://delphi.digital,Seed Series A,"Crypto Web3 DeFi",New York NY,$1M-$5M
Denali Venture Philanthropy,https://www.denaliventure.org,Pre-Seed,"Social Enterprise Alaska",Anchorage AK,$50K-$250K
Desert Bloom Ventures,https://www.desertbloomvc.com,Seed Series A,"Southwest Technology",Phoenix AZ,$250K-$1.5M
Desjardin Capital,https://www.desjardins.com/capital,Series A Growth,"Canada Quebec Technology",Montreal Canada,$3M-$15M
Dexter Capital,https://www.dextercap.com,Seed Series A,"India Technology SaaS",Bangalore India,$500K-$2M
DG Daiwa Ventures,https://www.dg.vc,Seed Series A,"Japan Technology",Tokyo Japan,$1M-$5M
Diaspora VC,https://www.diasporavc.com,Pre-Seed Seed,"African Diaspora Founders",London UK,$250K-$1M
Digital Future,https://digital.future,Seed Series A,"Eastern Europe Technology",Berlin Germany,$500K-$3M
Discovery Ventures,https://www.discoveryventures.com,Seed Series A,"Healthcare Medical Technology",Salt Lake City UT,$500K-$2M
Dorm Room Fund,https://dormroomfund.com,Pre-Seed,"Student Founders",Philadelphia PA,$20K-$100K
Draftboard Ventures,https://draftboard.vc,Pre-Seed Seed,"Sports Technology",New York NY,$100K-$500K
Dragoneer Investment Group,https://www.dragoneer.com,Series B Growth,"Technology Internet",San Francisco CA,
Dreamit Ventures,https://www.dreamit.com,Pre-Seed Seed,"UrbanTech HealthTech",New York NY,$50K-$250K
DriverlessCar.vc,https://driverlesscar.vc,Seed Series A,"Autonomous Vehicles Mobility",San Francisco CA,$500K-$3M
DTCP (Deutsche Telekom Capital Partners),https://www.dtcp.com,Series A Series B,"Enterprise Telecom Technology",Hamburg Germany,$5M-$25M
Duke Capital Partners,https://www.dukecapital.co.uk,Series A Growth,"UK Technology SaaS",London UK,$3M-$15M
Earth Foundries,https://www.earthfoundries.com,Seed,"Climate Materials Science",Denver CO,$500K-$2M
East Ventures,https://east.vc,Seed Series A,"Southeast Asia Technology",Singapore,$500K-$3M
Eastside Ventures,https://www.eastsideventures.com,Seed,"Midwest Technology",Cleveland OH,$250K-$1M
Ecofleet,https://ecofleet.vc,Seed,"Maritime Shipping Sustainability",Oslo Norway,$500K-$2M
Ecosystem Integrity Fund,https://www.eifund.org,Seed Series A,"Conservation Environmental",San Francisco CA,$500K-$3M
Edovate Capital,https://edovatecapital.com,Seed Series A,"EdTech Skills Training",New York NY,$500K-$2M
Effervescence,https://www.effervescence.vc,Pre-Seed Seed,"Sector Agnostic",San Francisco CA,$100K-$500K
Eight Roads Ventures,https://www.eightroads.com,Series A Series B,"Technology Healthcare",London UK Hong Kong China,$3M-$20M
Electric Era,https://www.electricera.vc,Seed Series A,"EV Charging Energy",Seattle WA,$500K-$3M
Elefund,https://www.ele.fund,Pre-Seed,"University Alumni Network",Cambridge MA,$100K-$500K
Elion Partners,https://www.elionpartners.com,Growth,"Data Centers Technology Infrastructure",New York NY,
Elizabeth Street Ventures,https://www.elizabethstvc.com,Pre-Seed Seed,"Consumer Technology",New York NY,$250K-$1M
Elsewhere Ventures,https://elsewhere.vc,Seed,"Small Cities Midwest",Madison WI,$250K-$1M
Emergent Ventures,https://www.emergentventures.com,Pre-Seed Seed,"Crypto Public Goods",Arlington VA,$100K-$500K
Emles Venture Partners,https://www.emlesvc.com,Seed Series A,"Financial Services Technology",New York NY,$500K-$3M
Emory Venture Capital,https://www.emory.edu/ventures,Pre-Seed Seed,"University Healthcare",Atlanta GA,$100K-$500K
Empathy Ventures,https://www.empathy.vc,Pre-Seed Seed,"Mental Health Wellness",New York NY,$100K-$500K
Empire Angels,https://www.empireangels.com,Pre-Seed Seed,"New York Technology",New York NY,$50K-$250K
Endeavor Catalyst,https://endeavor.org/catalyst,Seed Series A,"High Impact Entrepreneurship",New York NY,$500K-$2M
Energize Ventures,https://www.energize.vc,Seed Series A,"Energy Industry Digitization",Chicago IL,$1M-$5M
Engine Ventures,https://www.engine.xyz,Seed Series A,"Hard Tech Science Deep Tech",Cambridge MA,$500K-$3M
Enlightenment Capital,https://www.enlightenmentcapital.com,Series A Growth,"Defense Aerospace Government",Chevy Chase MD,$5M-$30M
Entrekin Ventures,https://www.entrekinventures.com,Seed Series A,"Software Enterprise",Nashville TN,$500K-$2M
Entropy Ventures,https://www.entvc.com,Seed Series A,"Cybersecurity Privacy",New York NY,$500K-$3M
Equal Ventures,https://equalventures.com,Seed Series A,"Financial Inclusion Healthcare",New York NY,$1M-$5M
Equidad Ventures,https://www.equidad.vc,Pre-Seed Seed,"Latinx Founders",Miami FL,$100K-$500K
Erib Ventures,https://www.eribventures.com,Seed,"Frontier Markets Technology",Dubai UAE,$250K-$1.5M
ETF Partners,https://etfpartners.capital,Series A,"Sustainability Climate",London UK,$2M-$10M
Ethos Ventures,https://ethosventures.vc,Seed,"Ethics AI Values-driven",Berkeley CA,$250K-$1M
EV Star Capital,https://www.evstarcap.com,Series A,"EV Charging Infrastructure",Seoul South Korea,$2M-$10M
Evok Innovations,https://www.evokinnovations.com,Seed Series A,"Clean Energy Canada",Burnaby Canada,$1M-$5M
EVVC (European Venture Valley Capital),https://www.evvc.eu,Seed,"Eastern Europe Deep Tech",Warsaw Poland,$500K-$2M
Excedr VC,https://www.excedr.com,Seed,"Life Sciences Lab Equipment",San Francisco CA,$500K-$2M
Expa,https://expa.com,Pre-Seed Seed,"Product-Led Consumer",San Francisco CA,$500K-$2M
Expeditions Fund,https://www.expeditionsfund.com,Seed Series A,"Outdoor Recreation Sports",Denver CO,$250K-$2M
Extra Capital,https://www.extra.capital,Pre-Seed Seed,"Technology Sector Agnostic",Amsterdam Netherlands,$250K-$1.5M
F-Prime Capital,https://www.f-prime.com,Seed Series A,"Healthcare Technology",Cambridge MA,$1M-$10M
FabricNano,https://www.fabricnano.com,Seed Series A,"Synthetic Biology",London UK,$500K-$5M
Falcon Venture Capital,https://www.falconvc.com,Series A,"Middle East Technology",Riyadh Saudi Arabia,$2M-$15M
Fallstreak Capital,https://fallstreakvc.com,Seed Series A,"Climate Sustainability",San Francisco CA,$500K-$3M
FAN Capital,https://www.fancapital.com.br,Seed Series A,"Brazil Technology",Sao Paulo Brazil,$500K-$2M
Farfetch Dream Assembly,https://www.farfetch.com,Seed,"Fashion Retail Technology",London UK,
Farmer's Business Network Ventures,https://fbn.vc,Seed Series A,"AgTech Precision Agriculture",San Mateo CA,$1M-$5M
Fasanara Capital,https://www.fasanara.com,Series A,"Fintech Alternative Finance",London UK,$3M-$15M
Fenway Summer Ventures,https://www.fenwaysummer.com,Seed,"Fintech Financial Services",New York NY,$500K-$2M
Fika Ventures,https://www.fika.vc,Seed Series A,"Data Network Effects",Los Angeles CA,$500K-$3M
Fin Capital,https://www.fin.capital,Seed Series A,"Fintech Enterprise",San Francisco CA,$1M-$5M
Finback Investment Partners,https://finback.com,Series A Growth,"Financial Services Technology",Atlanta GA,$2M-$15M
Finnegan Ventures,https://www.finneganventures.com,Seed Series A,"IP Legal Technology",Washington DC,$500K-$2M
First Analysis Venture Capital,https://www.firstanalysis.com,Series A Series B,"Healthcare Technology",Chicago IL,$3M-$15M
First Check Africa,https://firstcheck.africa,Pre-Seed Seed,"Africa Technology",Lagos Nigeria,$50K-$250K
First Light Capital Group,https://firstlightcapital.com,Series A Growth,"Technology Canada",Vancouver Canada,$2M-$10M
First Round Capital,https://firstround.com,Pre-Seed Seed,"Technology Sector Agnostic",San Francisco CA,$500K-$3M
Firstminute Capital,https://firstminute.capital,Seed Series A,"European Technology",London UK,$500K-$3M
Fitlab Ventures,https://www.fitlabventures.com,Seed,"Fitness Health Wellness",Scottsdale AZ,$250K-$1M
FLEDGE,https://www.fledge.co,Seed,"Social Enterprise Impact",Seattle WA,$100K-$500K
Fleur Capital,https://www.fleurcapital.com,Seed Series A,"Consumer Women-led",London UK,$500K-$2M
Float Capital,https://www.float.capital,Seed,"Africa Technology",Cape Town South Africa,$250K-$1M
Flywheel Fund,https://www.flywheelfund.com,Seed Series A,"Southeast US Technology",Nashville TN,$250K-$2M
Fond Venture Capital,https://fondvc.com,Pre-Seed Seed,"Philippines Technology",Manila Philippines,$100K-$500K
Footprint Coalition Ventures,https://www.footprintcoalition.com,Seed,"Climate Sustainability",Los Angeles CA,$500K-$3M
Forerunner Ventures,https://www.forerunnerventures.com,Seed Series A,"Consumer Commerce",San Francisco CA,$1M-$5M
Forma Ventures,https://www.formaventures.com,Seed,"Digital Health",New York NY,$500K-$2M
Foundation Capital,https://foundationcap.com,Seed Series A,"Enterprise AI Fintech",Menlo Park CA,$1M-$10M
Foundry Group,https://www.foundrygroup.com,Seed Series A,"Software Technology",Boulder CO,$1M-$10M
Foxhaven Asset Management,https://www.foxhavenam.com,Growth Late,"Technology Internet",Baltimore MD,
Framework Venture Partners,https://www.frameworkvp.com,Seed Series A,"Canada Technology SaaS",Toronto Canada,$1M-$5M
Friction Capital,https://friction.capital,Seed,"Commerce Marketplace",New York NY,$250K-$1.5M
Frontier Ventures,https://www.frontierventures.com,Seed Series A,"Emerging Markets Southeast Asia",Nairobi Kenya,$500K-$2M
FuelVC,https://www.fuel.vc,Seed,"Kentucky Midwest Technology",Louisville KY,$250K-$1M
Future Africa,https://future.africa,Pre-Seed Seed,"Africa Technology",Lagos Nigeria,$50K-$250K
Future Positive Capital,https://www.futurepositive.vc,Seed Series A,"AI Climate Healthcare",London UK,$1M-$5M
Future Shape,https://www.futureshape.vc,Seed Series A,"Deep Tech Science",San Francisco CA,$500K-$3M
FutureX Capital,https://www.futurex.capital,Seed,"Singapore Southeast Asia",Singapore,$500K-$2M
Ganesha Ventures,https://ganesh.vc,Pre-Seed Seed,"India Technology",Bengaluru India,$100K-$500K
Garden Capital,https://garden.capital,Seed,"Developer Tools Infrastructure",New York NY,$500K-$2M
Garuda Ventures,https://garudaventures.com,Seed Series A,"Indonesia Technology",Jakarta Indonesia,$500K-$2M
Gate.io Ventures,https://www.gate.io/ventures,Seed,"Web3 Crypto DeFi",Cayman Islands,$1M-$5M
Gauntlet Networks,https://gauntlet.network,Seed,"DeFi Crypto Risk",New York NY,$500K-$3M
Gemini Frontier Fund,https://www.gemini.com/frontier-fund,Seed,"Crypto Web3",New York NY,$1M-$5M
Generation Investment Management,https://www.generationim.com,Series B Growth,"Sustainability Climate",London UK,
Genuine Capital,https://genuinecapital.co,Pre-Seed Seed,"Emerging Managers Technology",New York NY,$100K-$500K
GGV Capital,https://www.ggvc.com,Seed Series A Series B,"US China Technology",Menlo Park CA,$1M-$15M
GingerBread Capital,https://gingerbreadcapital.com,Seed Series A,"Food Beverage Consumer",New York NY,$500K-$2M
Glilot Capital Partners,https://www.glilot.com,Seed Series A,"Cybersecurity Enterprise",Tel Aviv Israel,$1M-$5M
Glob Capital,https://glob.capital,Seed,"MENA Technology",Dubai UAE,$500K-$2M
Global Founders Capital,https://www.globalfounderscapital.com,Seed Series A,"Technology Global",Berlin Germany,$500K-$5M
Golden Section,https://goldensection.vc,Seed Series A,"B2B SaaS",Houston TX,$500K-$3M
Golden Triangle Angel Network,https://www.gtan.ca,Pre-Seed Seed,"Canada Technology",Ottawa Canada,$100K-$500K
Golub Capital,https://www.golubcapital.com,Growth,"Technology Software",New York NY,
Good Company Ventures,https://goodcompanyventures.com,Seed,"Social Impact",Philadelphia PA,$250K-$1M
Good Growth Capital,https://www.goodgrowthcap.com,Seed Series A,"AgriFood Sustainability",Singapore,$500K-$2M
Good Judgment Capital,https://www.gjcapital.com,Seed Series A,"AI Data",New York NY,$500K-$2M
GoodFunds,https://www.goodfunds.vc,Pre-Seed Seed,"Consumer Social",Paris France,$100K-$500K
Google for Startups Fund,https://startup.google.com/fund,Seed,"Underrepresented Founders",Mountain View CA,$100K-$350K
Gradient Ventures,https://www.gradient.com,Seed Series A,"AI Machine Learning",Mountain View CA,$1M-$5M
Grand Ventures,https://www.grandventures.com,Seed Series A,"Midwest Technology",Grand Rapids MI,$250K-$2M
Grasshopper Capital,https://www.grasshoppercap.com,Seed,"Music Creative Industries",Los Angeles CA,$250K-$1M
Gravity Capital,https://www.gravitycapital.com,Series A Series B,"Healthcare Medtech",Minneapolis MN,$3M-$15M
Green D Ventures,https://www.greendventures.com,Series A,"Social Impact Climate",New York NY,$2M-$10M
Green Generation Fund,https://greengenerationfund.com,Seed,"Climate Agriculture",San Francisco CA,$500K-$2M
GreenHouse Capital,https://www.greenhouse.vc,Seed,"Africa Climate Sustainability",Cape Town South Africa,$250K-$1M
Greenwich Associates Ventures,https://www.greenwich.com,Growth,"Financial Services",Stamford CT,
Greylock Israel,https://www.greylock.com,Seed Series A,"Israel Technology",Tel Aviv Israel,$1M-$5M
Griffin Gaming Partners,https://www.griffingaming.com,Seed Series A Series B,"Gaming Interactive Entertainment",Westlake Village CA,$2M-$15M
Groundup Ventures,https://www.groundupventures.com,Pre-Seed Seed,"Chicago Technology",Chicago IL,$100K-$500K
Grove Ventures,https://www.grovevc.com,Seed Series A,"Israel Deep Tech",Tel Aviv Israel,$1M-$5M
Growth Equity Partners,https://www.growthequitypartners.com,Growth,"Business Services SaaS",Atlanta GA,$5M-$25M
GT Healthcare Partners,https://www.gthealthcare.com,Series A Growth,"Healthcare Private Equity",Chicago IL,$5M-$30M
Guided Capital,https://www.guidedcapital.com,Seed Series A,"B2B SaaS",Denver CO,$500K-$2M
Guild Capital,https://guildcapital.com,Seed,"Black Founders Diversity",Chicago IL,$250K-$1M
Gutbrain Ventures,https://gutbrain.vc,Seed,"Nutrition Health Longevity",New York NY,$250K-$1M
H/L Ventures,https://hlventures.com,Seed,"Heartland Midwest Technology",Kansas City MO,$250K-$1M
HAX,https://hax.co,Pre-Seed Seed,"Hardware Deep Tech",Newark NJ,$250K-$1M
Harbinger Ventures,https://harbingerventures.com,Seed Series A,"Consumer Women Founders",Seattle WA,$500K-$2M
HarbourVest Partners,https://www.harbourvest.com,Fund of Funds Growth,"Private Equity Venture",Boston MA,
Harpoon Ventures,https://www.harpoonvc.com,Seed Series A,"Defense Aerospace Dual-Use",Washington DC,$1M-$5M
Hawktail,https://www.hawktail.vc,Seed,"Nordic Technology",Helsinki Finland,$250K-$1.5M
HC9 Ventures,https://hc9.vc,Seed Series A,"Healthcare Digital Health",Minneapolis MN,$500K-$2M
Healthy Ventures,https://www.healthyventures.com,Seed Series A,"Women Health FemTech",San Francisco CA,$500K-$2M
HearstLab,https://www.hearstlab.com,Seed,"Women Founders Consumer Media",New York NY,$500K-$2M
Heid Capital,https://heidcapital.com,Seed Series A,"German Technology",Munich Germany,$500K-$3M
Helios Investment Partners,https://www.heliosinvestment.com,Growth,"Africa Private Equity",London UK,
Heuristic Capital,https://heuristic.capital,Seed Series A,"AI Machine Learning",San Francisco CA,$500K-$3M
Hikma Ventures,https://www.hikmaventures.com,Pre-Seed Seed,"Arab Founders MENA",San Francisco CA,$100K-$500K
Hillsven Capital,https://hillsven.com,Seed Series A,"Technology B2B",San Francisco CA,$500K-$2M
Hiroo Investment,https://www.hirooinvestment.com,Seed Series A,"Japan Technology",Tokyo Japan,$500K-$3M
HMM Capital,https://www.hmmcapital.com,Series A,"Shipping Maritime Technology",Seoul South Korea,$2M-$10M
Homebrew,https://www.homebrew.co,Seed Series A,"Consumer Enterprise",San Francisco CA,$500K-$2M
Hone Capital,https://www.honecap.com,Seed,"Technology Sector Agnostic",San Francisco CA,$250K-$1.5M
HorizonX Ventures,https://www.boeing.com/horizonx,Series A Series B,"Aerospace Industrial",Chicago IL,$5M-$25M
Horizons Beta,https://horizons.beta.vc,Pre-Seed Seed,"Africa Technology",Lagos Nigeria,$50K-$250K
Hu Ventures,https://www.huventures.co,Seed Series A,"Diversity Founders Technology",San Francisco CA,$250K-$1.5M
Human Ventures,https://www.humanventures.com,Seed,"Consumer Technology",New York NY,$500K-$2M
Humanly Ventures,https://humanlyventures.com,Seed,"HR Tech Future of Work",Seattle WA,$250K-$1M
Hyperedge Ventures,https://www.hyperedgevc.com,Pre-Seed Seed,"B2B SaaS Enterprise",New York NY,$250K-$1M
iAngels,https://www.iangels.com,Pre-Seed Seed,"Israel Technology",Tel Aviv Israel,$250K-$2M
ICU Medical Ventures,https://www.icumedical.com,Series A,"Medical Devices Healthcare",San Clemente CA,
iD Ventures America,https://www.idventures.com,Seed Series A,"US-Taiwan Technology",San Jose CA,$500K-$3M
Illuminate Ventures,https://illuminate.com,Seed Series A,"Enterprise Technology",Oakland CA,$500K-$3M
iM Ventures,https://www.im.vc,Seed Series A,"Israel Mobile Technology",Tel Aviv Israel,$500K-$3M
Impact America Fund,https://impactamericafund.com,Seed Series A,"Urban Innovation Impact",Birmingham AL,$500K-$2M
